{
	"description": "项目配置文件。",
	"setting": {
		"urlCheck": false,
		"es6": true,
		"postcss": true,
		"minified": true,
		"newFeature": true
	},
	"compileType": "miniprogram",
	"libVersion": "1.6.4",
	"appid": "wxafc09c66a22ed778",
	"projectname": "%E6%8B%BC%E6%89%8B%E6%B0%94%E5%95%86%E5%9F%8E",
	"condition": {
		"search": {
			"current": -1,
			"list": []
		},
		"conversation": {
			"current": -1,
			"list": []
		},
		"miniprogram": {
			"current": -1,
			"list": [
				{
					"id": 0,
					"name": "支付完成",
					"pathName": "pages/payResult/payResult",
					"query": "payWaitingID=5a14ee0773a9f40ea0ac2f7c"
				},
				{
					"id": 1,
					"name": "分享进入",
					"pathName": "pages/productInfo/productInfo",
					"query": "product_id=5a12498cf4fb7d1748f0fbf8&jackPotID=5a14ee1173a9f40ea0ac2f7d"
				}
			]
		}
	}
}