{
	"description": "项目配置文件。",
	"setting": {
		"urlCheck": false,
		"es6": true,
		"postcss": true,
		"minified": true,
		"newFeature": true
	},
	"compileType": "miniprogram",
	"libVersion": "1.9.1",
	"appid": "wxb878d8d280f1c0fb",
	"projectname": "danao",
	"isGameTourist": false,
	"condition": {
		"search": {
			"current": -1,
			"list": []
		},
		"conversation": {
			"current": -1,
			"list": []
		},
		"game": {
			"currentL": -1,
			"list": []
		},
		"miniprogram": {
			"current": 0,
			"list": [
				{
					"id": -1,
					"name": "获取用户信息",
					"pathName": "pages/getInfo/getInfo",
					"query": ""
				},
				{
					"id": -1,
					"name": "公司信息提交",
					"pathName": "pages/fromSub/fromSub",
					"query": ""
				},
				{
					"id": -1,
					"name": "信息提交成功",
					"pathName": "pages/success/success",
					"query": ""
				},
				{
					"id": -1,
					"name": "绑定信息",
					"pathName": "pages/signup/signup",
					"query": ""
				},
				{
					"id": -1,
					"name": "详细信息",
					"pathName": "pages/detail/detail",
					"query": ""
				}
			]
		}
	}
}